No,PIN,Name,Lunch,OT_Meal
1,1001,"John Doe",Yes,Yes
2,1002,"Jane Smith",Yes,Yes
3,1003,"Bob Wilson",Yes,Yes
4,1004,"Alice Johnson",Yes,Yes
5,1005,"Charlie Brown",Yes,Yes
6,11111,"Employee 11111",Yes,No
7,18011,"Employee 18011",Yes,No
8,18012,"Employee 18012",Yes,No
9,18013,"Employee 18013",Yes,No
10,18014,"Employee 18014",Yes,No
11,18017,"Employee 18017",Yes,No
12,18018,"Employee 18018",Yes,No
13,18019,"18019",Yes,No
14,18020,"Employee 18020",Yes,No
15,18023,"Employee 18023",Yes,No
16,18026,"Employee 18026",Yes,No
17,18027,"Employee 18027",Yes,No
18,18028,"Employee 18028",Yes,No
19,18030,"Employee 18030",Yes,No
20,18031,"Employee 18031",Yes,No
21,18032,"Employee 18032",Yes,No
22,18033,"Employee 18033",Yes,No
23,18034,"Employee 18034",Yes,No
24,18035,"Employee 18035",Yes,No
25,18038,"Employee 18038",Yes,No
26,18041,"Employee 18041",Yes,No
27,18044,"Employee 18044",Yes,No
28,18047,"Employee 18047",Yes,No
29,18048,"Employee 18048",Yes,No
30,18049,"Employee 18049",Yes,No
31,18053,"Employee 18053",Yes,No
32,18055,"Employee 18055",Yes,No
33,18056,"Employee 18056",Yes,No
34,18057,"Employee 18057",Yes,No
35,18061,"Employee 18061",Yes,No
36,18062,"Employee 18062",Yes,No
37,18065,"Employee 18065",Yes,No
38,18067,"Employee 18067",Yes,No
39,18068,"Employee 18068",Yes,No
40,18069,"Employee 18069",Yes,No
41,18071,"Employee 18071",Yes,No
42,18072,"Employee 18072",Yes,No
43,18075,"Employee 18075",Yes,No
44,18076,"Employee 18076",Yes,No
45,18077,"Employee 18077",Yes,No
46,18078,"Employee 18078",Yes,No
47,18082,"Employee 18082",Yes,No
48,18084,"Employee 18084",Yes,No
49,18085,"Employee 18085",Yes,No
50,18086,"Employee 18086",Yes,No
51,18090,"Employee 18090",Yes,No
52,18094,"Employee 18094",Yes,No
53,18095,"Employee 18095",Yes,No
54,18096,"Employee 18096",Yes,No
55,18098,"Employee 18098",Yes,No
56,18100,"Employee 18100",Yes,No
57,18114,"Employee 18114",Yes,No
58,19004,"Employee 19004",Yes,No
59,19005,"Employee 19005",Yes,No
60,19007,"Employee 19007",Yes,No
61,19008,"Employee 19008",Yes,No
62,19014,"kidsana",Yes,No
63,19016,"Employee 19016",Yes,No
64,19019,"Employee 19019",Yes,No
65,19020,"Employee 19020",Yes,No
66,19021,"Employee 19021",Yes,No
67,19023,"Employee 19023",Yes,No
68,19024,"Employee 19024",Yes,No
69,19027,"Employee 19027",Yes,No
70,19028,"Employee 19028",Yes,No
71,20003,"20003",Yes,No
72,20005,"20005",Yes,No
73,20008,"20008",Yes,No
74,20009,"20009",Yes,No
75,20014,"20014",Yes,No
76,20016,"20016",Yes,No
77,20017,"20017",Yes,No
78,20018,"20018",Yes,No
79,20019,"20019",Yes,No
80,20020,"20020",Yes,No
81,20024,"20024",Yes,No
82,20025,"20025",Yes,No
83,20026,"20026",Yes,No
84,20027,"20027",Yes,No
85,20030,"20030",Yes,No
86,20031,"20031",Yes,No
87,20032,"20032",Yes,No
88,21000,"21000",Yes,No
89,21002,"21002",Yes,No
90,21003,"21003",Yes,No
91,21006,"21006",Yes,No
92,21007,"21007",Yes,No
93,21008,"21008",Yes,No
94,21009,"21009",Yes,No
95,21013,"21013",Yes,No
96,21014,"21014",Yes,No
97,21016,"21016",Yes,No
98,21018,"21018",Yes,No
99,21019,"21019",Yes,No
100,21021,"21021",Yes,No
101,21023,"21023",Yes,No
102,21025,"21025",Yes,No
103,21027,"21027",Yes,No
104,21028,"21028",Yes,No
105,21030,"21030",Yes,No
106,21031,"21031",Yes,No
107,21032,"21032",Yes,No
108,21033,"21033",Yes,No
109,21034,"21034",Yes,No
110,21035,"21035",Yes,No
111,21036,"21036",Yes,No
112,21037,"21037",Yes,No
113,21038,"21038",Yes,No
114,21039,"21039",Yes,No
115,21040,"21040",Yes,No
116,21041,"21041",Yes,No
117,21042,"21042",Yes,No
118,21043,"21043",Yes,No
119,21045,"21045",Yes,No
120,21084,"21084",Yes,No
121,22001,"22001",Yes,No
122,22002,"22002",Yes,No
123,22003,"22003",Yes,No
124,22004,"22004",Yes,No
125,22005,"22005",Yes,No
126,22006,"22006",Yes,No
127,22007,"22007",Yes,No
128,22008,"22008",Yes,No
129,22009,"22009",Yes,No
130,22010,"22010",Yes,No
131,22011,"22011",Yes,No
132,22012,"22012",Yes,No
133,22013,"22013",Yes,No
134,22014,"22014",Yes,No
135,22015,"22015",Yes,No
136,22016,"22016",Yes,No
137,22017,"22017",Yes,No
138,22018,"22018",Yes,No
139,22019,"22019",Yes,No
140,22020,"22020",Yes,No
141,22021,"22021",Yes,No
142,22022,"22022",Yes,No
143,22023,"22023",Yes,No
144,22024,"22024",Yes,No
145,22025,"22025",Yes,No
146,22027,"22027",Yes,No
147,22028,"22028",Yes,No
148,22029,"22029",Yes,No
149,22030,"22030",Yes,No
150,22031,"22031",Yes,No
151,22032,"22032",Yes,No
152,22033,"22033",Yes,No
153,22034,"22034",Yes,No
154,22035,"22035",Yes,No
155,22036,"22036",Yes,No
156,22037,"22037",Yes,No
157,22038,"22038",Yes,No
158,22039,"22039",Yes,No
159,22040,"22040",Yes,No
160,22042,"22042",Yes,No
161,22043,"22043",Yes,No
162,22044,"22044",Yes,No
163,22045,"22045",Yes,No
164,22046,"22046",Yes,No
165,22047,"22047",Yes,No
166,22048,"22048",Yes,No
167,22049,"22049",Yes,No
168,22050,"22050",Yes,No
169,22051,"22051",Yes,No
170,22052,"22052",Yes,No
171,22053,"22053",Yes,No
172,22054,"22054",Yes,No
173,22055,"22055",Yes,No
174,22057,"22057",Yes,No
175,22058,"22058",Yes,No
176,22059,"22059",Yes,No
177,22060,"22060",Yes,No
178,22061,"22061",Yes,No
179,22062,"22062",Yes,No
180,22063,"22063",Yes,No
181,22064,"22064",Yes,No
182,22065,"22065",Yes,No
183,23001,"23001",Yes,No
184,23002,"23002",Yes,No
185,23003,"23003",Yes,No
186,23004,"23004",Yes,No
187,23005,"23005",Yes,No
188,23006,"23006",Yes,No
189,23007,"23007",Yes,No
190,23008,"23008",Yes,No
191,23009,"23009",Yes,No
192,23010,"23010",Yes,No
193,23013,"23013",Yes,No
194,23014,"23014",Yes,No
195,23015,"23015",Yes,No
196,23016,"23016",Yes,No
197,23017,"23017",Yes,No
198,23018,"23018",Yes,No
199,23019,"23019",Yes,No
200,23020,"23020",Yes,No
201,23021,"23021",Yes,No
202,23022,"23022",Yes,No
203,23023,"23023",Yes,No
204,23024,"23024",Yes,No
205,23025,"23025",Yes,No
206,23026,"23026",Yes,No
207,23027,"23027",Yes,No
208,23028,"23028",Yes,No
209,23029,"23029",Yes,No
210,23030,"23030",Yes,No
211,23031,"23031",Yes,No
212,23032,"23032",Yes,No
213,23033,"23033",Yes,No
214,23034,"23034",Yes,No
215,23035,"23035",Yes,No
216,23036,"23036",Yes,No
217,23037,"23037",Yes,No
218,23038,"23038",Yes,No
219,23039,"23039",Yes,No
220,23041,"23041",Yes,No
221,23042,"23042",Yes,No
222,23043,"23043",Yes,No
223,23044,"23044",Yes,No
224,23045,"23045",Yes,No
225,23046,"23046",Yes,No
226,23047,"23047",Yes,No
227,23048,"23048",Yes,No
228,23049,"23049",Yes,No
229,23050,"23050",Yes,No
230,23051,"23051",Yes,No
231,23052,"23052",Yes,No
232,23053,"23053",Yes,No
233,23054,"23054",Yes,No
234,23055,"23055",Yes,No
235,23056,"23056",Yes,No
236,23057,"23057",Yes,No
237,23058,"23058",Yes,No
238,23059,"23059",Yes,No
239,23060,"23060",Yes,No
240,23061,"23061",Yes,No
241,23062,"23062",Yes,No
242,23063,"23063",Yes,No
243,23064,"23064",Yes,No
244,23065,"23065",Yes,No
245,24001,"24001",Yes,No
246,24002,"24002",Yes,No
247,24003,"24003",Yes,No
248,24004,"24004",Yes,No
249,24005,"24005",Yes,No
250,24006,"24006",Yes,No
251,24007,"24007",Yes,No
252,24008,"24008",Yes,No
253,24009,"24009",Yes,No
254,24010,"24010",Yes,No
255,24011,"24011",Yes,No
256,24012,"24012",Yes,No
257,24013,"24013",Yes,No
258,24014,"24014",Yes,No
259,24015,"24015",Yes,No
260,24016,"24016",Yes,No
261,24017,"24017",Yes,No
262,24018,"24018",Yes,No
263,24019,"24019",Yes,No
264,24021,"24021",Yes,No
265,24022,"24022",Yes,No
266,24023,"24023",Yes,No
267,24024,"24024",Yes,No
268,24025,"24025",Yes,No
269,24026,"24026",Yes,No
270,24027,"24027",Yes,No
271,24028,"24028",Yes,No
272,24029,"24029",Yes,No
273,24030,"24030",Yes,No
274,24031,"24031",Yes,No
275,24032,"24032",Yes,No
276,24033,"24033",Yes,No
277,24034,"24034",Yes,No
278,24035,"24035",Yes,No
279,24036,"24036",Yes,No
280,24037,"24037",Yes,No
281,24038,"24038",Yes,No
282,24039,"24039",Yes,No
283,24040,"24040",Yes,No
284,24041,"24041",Yes,No
285,24042,"24042",Yes,No
286,24043,"24043",Yes,No
287,24044,"24044",Yes,No
288,24045,"24045",Yes,No
289,24046,"24046",Yes,No
290,24047,"24047",Yes,No
291,24048,"24048",Yes,No
292,24049,"Daruwan",Yes,No
293,24050,"24050",Yes,No
294,24051,"24051",Yes,No
295,24052,"24052",Yes,No
296,24053,"24053",Yes,No
297,24054,"24054",Yes,No
298,24055,"24055",Yes,No
299,24056,"24056",Yes,No
300,24057,"24057",Yes,No
301,24058,"24058",Yes,No
302,24059,"24059",Yes,No
303,24060,"24060",Yes,No
304,24061,"24061",Yes,No
305,24062,"24062",Yes,No
306,24063,"24063",Yes,No
307,24064,"24064",Yes,No
308,24065,"24065",Yes,No
309,24066,"24066",Yes,No
310,24067,"24067",Yes,No
311,24068,"24068",Yes,No
312,24069,"24069",Yes,No
313,24070,"24070",Yes,No
314,24071,"24071",Yes,No
315,24072,"24072",Yes,No
316,24073,"24073",Yes,No
317,24074,"24074",Yes,No
318,24075,"24075",Yes,No
319,24076,"24076",Yes,No
320,24077,"24077",Yes,No
321,24078,"24078",Yes,No
322,24079,"24079",Yes,No
323,24080,"24080",Yes,No
324,24081,"24081",Yes,No
325,24082,"24082",Yes,No
326,24083,"24083",Yes,No
327,24084,"24084",Yes,No
328,24085,"24085",Yes,No
329,24086,"24086",Yes,No
330,24087,"24087",Yes,No
331,24088,"24088",Yes,No
332,24089,"24089",Yes,No
333,24090,"24090",Yes,No
334,24091,"24091",Yes,No
335,24092,"24092",Yes,No
336,24093,"24093",Yes,No
337,24094,"24094",Yes,No
338,24096,"24096",Yes,No
339,24097,"24097",Yes,No
340,24098,"24098",Yes,No
341,24099,"24099",Yes,No
342,24100,"24100",Yes,No
343,24101,"24101",Yes,No
344,24102,"24102",Yes,No
345,24103,"24103",Yes,No
346,24104,"24104",Yes,No
347,24105,"24105",Yes,No
348,24106,"24106",Yes,No
349,24107,"24107",Yes,No
350,24108,"24108",Yes,No
351,24109,"24109",Yes,No
352,24110,"24110",Yes,No
353,24111,"24111",Yes,No
354,24112,"24112",Yes,No
355,24113,"24113",Yes,No
356,24114,"24114",Yes,No
357,24115,"24115",Yes,No
358,24116,"Pitsanu",Yes,No
359,24117,"Treeraphon",Yes,No
360,24118,"Anucharee",Yes,No
361,24119,"Anon",Yes,No
362,24120,"Weerawat",Yes,No
363,24121,"Warisara",Yes,No
364,24122,"24122",Yes,No
365,24123,"24123",Yes,No
366,24124,"24124",Yes,No
367,24125,"24125",Yes,No
368,24126,"24126",Yes,No
369,24127,"24127",Yes,No
370,24128,"24128",Yes,No
371,24129,"24129",Yes,No
372,24130,"24130",Yes,No
373,24131,"24131",Yes,No
374,24132,"24132",Yes,No
375,24133,"24133",Yes,No
376,25001,"25001",Yes,No
377,25002,"25002",Yes,No
378,25003,"Tippawan",Yes,No
379,25004,"Nattiya",Yes,No
380,25005,"Soraya",Yes,No
381,25006,"25006",Yes,No
382,25007,"25007",Yes,No
383,25008,"Likit",Yes,No
384,25009,"25009",Yes,No
385,25010,"Apirun",Yes,No
386,25011,"Jintana",Yes,No
387,25012,"Nipaporn",Yes,No
388,25013,"Rattapoom",Yes,No
389,25014,"Chakkapong",Yes,No
390,25015,"25015",Yes,No
391,25016,"WUTTISAK",Yes,No
392,25018,"Prajuab",Yes,No
393,25019,"Wuttichai",Yes,No
394,25020,"Supachok",Yes,No
395,25021,"Natthachai",Yes,No
396,25022,"Somchai",Yes,No
397,25023,"Sarawut",Yes,No
398,25024,"Nakkhara",Yes,No
399,25025,"Mongkon",Yes,No
400,25026,"Oakkharadet",Yes,No
401,25027,"Tipawan",Yes,No
402,25028,"Chattarika",Yes,No
403,25029,"Thikhamphon",Yes,No
404,25030,"Ratthaporn",Yes,No
405,25031,"Kanchai",Yes,No
406,25032,"Patiphat",Yes,No
407,25033,"Rongfa",Yes,No
408,25034,"Prarichat",Yes,No
409,25035,"Somad",Yes,No
410,25036,"Phongsak",Yes,No
411,25037,"Maneeya",Yes,No
412,25038,"Ammara",Yes,No
413,25039,"kanlaya",Yes,No
414,25040,"Porntip",Yes,No
415,25041,"Udom",Yes,No
416,25042,"Tanakon",Yes,No
417,25043,"Sarawut",Yes,No
418,25044,"Sirima",Yes,No
419,25045,"Porntiwa",Yes,No
420,25046,"Sasimaporn",Yes,No
421,25047,"Chanchai",Yes,No
422,25048,"Wasan",Yes,No
423,25049,"Krissana",Yes,No
424,25050,"Boonmee",Yes,No
425,25051,"Tanawat",Yes,No
426,25052,"Yutthakai",Yes,No
427,25053,"Suthatta",Yes,No
428,25054,"Waen",Yes,No
429,25055,"Sudarat",Yes,No
430,25056,"Pisit",Yes,No
431,25057,"Nuttakorn",Yes,No
432,25058,"Wuttipong",Yes,No
433,25059,"Bunluea",Yes,No
434,25060,"Manat",Yes,No
435,25061,"Nuttawut",Yes,No
436,25062,"Naruepon",Yes,No
437,25063,"Boonyeam",Yes,No
438,25064,"Jeerasak",Yes,No
439,25065,"Tiwakorn",Yes,No
440,25066,"Rachane",Yes,No
441,25067,"Natchapaknara",Yes,No
442,25068,"Worawit",Yes,No
443,25069,"Phornpan",Yes,No
444,25070,"Supatra",Yes,No
445,25071,"Kittiphop",Yes,No
446,25072,"Tiwa",Yes,No
447,25073,"Kantika",Yes,No
448,25074,"Nopanat",Yes,No
449,25075,"Kettida",Yes,No
450,25076,"Pairunya",Yes,No
451,25077,"Jiraporn",Yes,No
452,25078,"Naruemon",Yes,No
453,25079,"Chinnakon",Yes,No
454,25080,"Junhokang",Yes,No
455,25081,"Angsumalin",Yes,No
456,25082,"Tanaphon",Yes,No
457,25083,"Jatupol Banlo",Yes,No
458,25084,"Pattamawan Panto",Yes,No
459,25085,"Bunthiya Jaidee",Yes,No
460,25086,"Kwanjiwara Chaibun",Yes,No
461,25087,"Aranya Ramangthong",Yes,No
462,25088,"Wuttinun Rakchue",Yes,No
463,25089,"Dissaphol Khoongpaiboon",Yes,No
464,25090,"Piyanan Phohan",Yes,No
465,25091,"Thossaphon Mungomglang",Yes,No
466,25092,"Monthita Ploenram",Yes,No
467,25093,"NATTHAPHON BANNAMON",Yes,No
468,25094,"NUTTHAWUT KRUSATA",Yes,No
469,25095,"NARONG KOSOL",Yes,No
470,25096,"WAWDAO INTHAWONG",Yes,No
471,25097,"PANADDA BUALUANG",Yes,No
472,25098,"YATIYA KHAMIN",Yes,No
473,25099,"SIRINAT SOPHIPHAN",Yes,No
474,25100,"CHONTHICHA POMJAN",Yes,No
475,25101,"25101",Yes,No
476,25102,"LALITA SANGWIMAN",Yes,No
477,25103,"25103",Yes,No
478,25104,"PANPRAPA SALASOOK",Yes,No
479,25105,"KANOKWAN SAPAPAK",Yes,No
480,25106,"PHENNAPA CONTON",Yes,No
481,25107,"SUPHITCHAYA CHAROENYING",Yes,No
482,25108,"ARAYA SOMKANA",Yes,No
483,25109,"25109",Yes,No
484,25110,"TEERAPAT PRABPHAN",Yes,No
485,25111,"Kantheera",Yes,No
486,25112,"Supattra",Yes,No
487,25113,"SIRIPHON BUAPANG",Yes,No
488,25114,"BOONYUEN CHAIKLA",Yes,No
489,25115,"PARICHAT CHOKCHALOEAM",Yes,No
490,25116,"WIPHADA CHOISAP",Yes,No
491,25117,"CHOKCHAI SIRIKER",Yes,No
492,25118,"SUPHAREUK MUENCHIT",Yes,No
493,25119,"AEKKARAT CHATHAMMA",Yes,No
494,25120,"SAKSIT KANLAYAPRASIT",Yes,No
495,25121,"BADIN KAEWSRIPHUT",Yes,No
496,25122,"25122",Yes,No
497,25123,"SANAI LAOKHOM",Yes,No
498,25124,"WATCHARAPON SEESANGA",Yes,No
499,25125,"PHONGSAKON THIANSAGUAN",Yes,No
500,25126,"VANATCHAPORN JANTAROK",Yes,No
501,25127,"Sirilak",Yes,No
502,25128,"25128",Yes,No
503,25129,"Nutakom",Yes,No
504,25130,"Rattanachai",Yes,No
505,25131,"Natthawut",Yes,No
506,25132,"Artit",Yes,No
507,25133,"Chadaporn",Yes,No
508,25134,"Sirirak",Yes,No
509,25135,"Tawatchai",Yes,No
510,25137,"Arunwadee",Yes,No
511,25138,"Niphon",Yes,No
512,25139,"Watcharee",Yes,No
513,25140,"Sungjun",Yes,No
514,25141,"Parnipuk",Yes,No
515,25142,"25142",Yes,No
516,25143,"Konkanok",Yes,No
517,25144,"Onanong",Yes,No
518,25145,"Sulasda",Yes,No
519,25147,"JimmwoK",Yes,No
520,25148,"Dooyeol",Yes,No
521,25149,"Paphada",Yes,No
522,25150,"Bancha",Yes,No
523,25151,"Worawit",Yes,No
524,25152,"Thotsaporn",Yes,No
525,25153,"Sumitra",Yes,No
526,25154,"Natchaya",Yes,No
527,25155,"Bandit",Yes,No
528,25156,"Piyawat",Yes,No
529,25157,"Pacharapon",Yes,No
530,25158,"25158",Yes,No
531,25159,"25159",Yes,No
532,25160,"25160",Yes,No
533,25161,"25161",Yes,No
534,25162,"25162",Yes,No
535,25163,"25163",Yes,No
536,25164,"25164",Yes,No
537,25165,"25165",Yes,No
538,25166,"25166",Yes,No
539,25167,"25167",Yes,No
540,25168,"25168",Yes,No
541,25169,"25169",Yes,No
542,25170,"25170",Yes,No
543,25171,"25171",Yes,No
544,25172,"25172",Yes,No
545,25173,"25173",Yes,No
546,25174,"25174",Yes,No
547,25175,"25175",Yes,No
548,25176,"25176",Yes,No
549,25177,"25177",Yes,No
550,25178,"25178",Yes,No
551,25179,"25179",Yes,No
552,25180,"25180",Yes,No
553,25181,"25181",Yes,No
554,25182,"25182",Yes,No
555,25183,"25183",Yes,No
556,25184,"25184",Yes,No
557,25185,"25185",Yes,No
558,25186,"25186",Yes,No
559,25187,"25187",Yes,No
560,25188,"25188",Yes,No
561,25189,"25189",Yes,No
562,25190,"25190",Yes,No
563,25191,"25191",Yes,No
564,25192,"25192",Yes,No
565,25193,"25193",Yes,No
566,25194,"25194",Yes,No
567,25195,"25195",Yes,No
568,25196,"25196",Yes,No
569,25197,"25197",Yes,No
570,25198,"Chatri",Yes,No
571,25199,"Thananat",Yes,No
572,25200,"Krisada",Yes,No
573,25202,"Lomchoi",Yes,No
574,25203,"25203",Yes,No
575,25204,"Mayuree",Yes,No
576,25205,"25205",Yes,No
577,25206,"Bunthiya",Yes,No
578,25207,"Arkhom",Yes,No
579,25208,"Warisara",Yes,No
580,25209,"25209",Yes,No
581,25210,"Thepwithun",Yes,No
582,25212,"Noppadon",Yes,No
583,25213,"Sornchai",Yes,No
584,25214,"Phonrawat",Yes,No
585,25215,"Suchada",Yes,No
586,25216,"Ketkanok",Yes,No
587,25217,"Somrutai",Yes,No
588,26007,"Lampai",Yes,No
589,26008,"Direk",Yes,No
590,26009,"Rungrueangchai",Yes,No
591,26010,"Sarawut",Yes,No
592,26011,"Kulvanit",Yes,No
593,26012,"Jiraporn",Yes,No
594,26013,"Somboon",Yes,No
595,26014,"Rojana",Yes,No
596,26015,"Thirasak",Yes,No
597,26016,"Thanawat",Yes,No
598,26018,"Kannida",Yes,No
599,26019,"Prasit",Yes,No
600,26021,"26021",Yes,No
601,26022,"26022",Yes,No
602,26023,"26023",Yes,No
603,26024,"Kanyaphat",Yes,No
604,26025,"Rawiwan",Yes,No
605,30001,"Thanakorn",Yes,No
606,30002,"Wiwat",Yes,No
607,30003,"Thanatchaphorn",Yes,No
608,30004,"Thorhan",Yes,No
609,30005,"Sasikan",Yes,No
610,30006,"Paweena",Yes,No
611,30007,"Patteema",Yes,No
612,30008,"Phasu",Yes,No
613,30009,"Wiraphat",Yes,No
614,30010,"jirayut",Yes,No
615,30011,"Chanchai",Yes,No
616,30012,"Weeraeong",Yes,No
617,30014,"Sitthiphong",Yes,No
618,30015,"Thanachot",Yes,No
619,30016,"Kittiphong",Yes,No
620,30017,"Phattharaphong",Yes,No
621,30018,"Taksimasuna",Yes,No
622,30019,"Tomorn",Yes,No
623,30020,"Arunya",Yes,No
624,30021,"Tossapol",Yes,No
625,30022,"Kullayanee",Yes,No
626,30023,"Nattaporn",Yes,No
627,30024,"Anuwat",Yes,No
628,30025,"Kittipong",Yes,No
629,30026,"Sirinapha",Yes,No
630,30027,"Tamtawan",Yes,No
631,30028,"Phipat",Yes,No
632,30029,"Srawut",Yes,No
633,30030,"Natthanan",Yes,No
634,30031,"Peerapat",Yes,No
635,30032,"Pakonrat",Yes,No
636,30033,"Duangruethai",Yes,No
637,30034,"Somjet",Yes,No
638,30035,"Aulaiphon",Yes,No
639,30036,"Suriya",Yes,No
640,30037,"Tawatchai",Yes,No
641,30038,"Pemika",Yes,No
642,30039,"thitisak",Yes,No
643,30040,"Rattrya",Yes,No
644,30041,"Sabannga",Yes,No
645,30042,"Sarayuch",Yes,No
646,30043,"Tahnomjit",Yes,No
647,30044,"Klanarong",Yes,No
648,30045,"Abisak",Yes,No
649,30046,"Taksin",Yes,No
650,30047,"Kittsak",Yes,No
651,30048,"Kaiwit",Yes,No
652,30049,"WACHIAPHONG",Yes,No
653,30050,"Poramet",Yes,No
654,30051,"Sarawut",Yes,No
655,30052,"Jirapat",Yes,No
656,30053,"Worawut",Yes,No
657,30054,"Sirikul",Yes,No
658,30055,"Sanit",Yes,No
659,30056,"Piyanuch",Yes,No
660,30057,"Phonphod",Yes,No
661,30058,"Sirintha",Yes,No
662,30059,"Chokanan",Yes,No
663,30060,"Suriya",Yes,No
664,30061,"Thitiya",Yes,No
665,30062,"Amornrat",Yes,No
666,30063,"Samita",Yes,No
667,30064,"Sirichai",Yes,No
668,30065,"Suwijk",Yes,No
669,30066,"Chonlatee",Yes,No
670,30067,"Witoon",Yes,No
671,30068,"Kirtsana",Yes,No
672,30069,"Inthira",Yes,No
673,30070,"Cnaianba",Yes,No
674,30071,"Pennapha",Yes,No
675,30072,"Jirapa",Yes,No
676,30073,"Thapakorn",Yes,No
677,30074,"Preeya",Yes,No
678,30075,"Aunmathana",Yes,No
679,30076,"Nattaphon",Yes,No
680,30077,"Benjamas",Yes,No
681,30078,"Suphattra",Yes,No
682,30079,"Thanatsupa",Yes,No
683,30080,"Khueawan",Yes,No
684,30081,"Chanikan",Yes,No
685,30082,"Khomkrit",Yes,No
686,30083,"Suttida",Yes,No
687,30084,"Kanjana",Yes,No
688,30085,"Sasinipa",Yes,No
689,30086,"Surasak",Yes,No
690,30087,"Winai",Yes,No
691,30088,"Metawee",Yes,No
692,30089,"Mankhupha",Yes,No
693,30090,"Santiphap",Yes,No
694,30091,"Mana",Yes,No
695,30092,"Tawan",Yes,No
696,30093,"Aunraya",Yes,No
697,30094,"Pongsakorn",Yes,No
698,30095,"Chirawan",Yes,No
699,30096,"Prasoet",Yes,No
700,30097,"Chettana",Yes,No
701,30098,"Krittimet",Yes,No
702,30099,"Piyawan",Yes,No
703,30100,"Sirivimol",Yes,No
704,30101,"Phongtep",Yes,No
705,30102,"Jirayut",Yes,No
706,30103,"Natthawut",Yes,No
707,30104,"Tanawat",Yes,No
708,30105,"Pongsit",Yes,No
709,30106,"Woran",Yes,No
710,30107,"Phuttida",Yes,No
711,30108,"Pornchai",Yes,No
712,30109,"Chittamat",Yes,No
713,30110,"Prayoon",Yes,No
714,30111,"Napapa",Yes,No
715,30112,"Pornnatcha",Yes,No
716,30113,"Phonphipha",Yes,No
717,30114,"Jantakan",Yes,No
718,30115,"Jirawat",Yes,No
719,30116,"Jetsadakorn",Yes,No
720,30117,"Prichaphong",Yes,No
721,30118,"Nanthaphan",Yes,No
722,30119,"Khanittha",Yes,No
723,30120,"Janjira",Yes,No
724,30121,"Patcharin",Yes,No
725,30122,"Prakai",Yes,No
726,30123,"Panatda",Yes,No
727,30124,"Piyada",Yes,No
728,30125,"Anusara",Yes,No
729,30126,"Somjet",Yes,No
730,30127,"Pennapa",Yes,No
731,30128,"Pakitta",Yes,No
732,30129,"Dueanphen",Yes,No
733,30130,"Natthawut",Yes,No
734,30131,"Mastar",Yes,No
735,30132,"Sonmwan",Yes,No
736,30133,"Areeya",Yes,No
737,30134,"Natkritta",Yes,No
738,30135,"Benyapa",Yes,No
739,30136,"Atittaya",Yes,No
740,30138,"Prathuan",Yes,No
741,30139,"Thodsaporn",Yes,No
742,30140,"Sukanya",Yes,No
743,30141,"Phimnapha",Yes,No
744,30142,"Tawatchai",Yes,No
745,30143,"Phuwarin",Yes,No
746,30144,"Vitthaya",Yes,No
747,30145,"Phennapha",Yes,No
748,30146,"Titima",Yes,No
749,30147,"Voraut",Yes,No
750,30148,"Trirat",Yes,No
751,30149,"Thanaphat",Yes,No
752,30150,"Kanya",Yes,No
753,30151,"Thawatchai",Yes,No
754,30152,"Nittaya",Yes,No
755,30153,"Suphatcha",Yes,No
756,30154,"Hongphitcha",Yes,No
757,30155,"Sirasak",Yes,No
758,30156,"Wanchaloem",Yes,No
759,30157,"Sakdamadee",Yes,No
760,30158,"Yuttasak",Yes,No
761,30159,"Wilaiwan",Yes,No
762,30160,"Lofo",Yes,No
763,30161,"Jiraporn",Yes,No
764,30162,"Aptsiwat",Yes,No
765,30163,"Watcharee",Yes,No
766,30164,"Sangwal",Yes,No
767,30165,"Sujirat",Yes,No
768,30166,"Chuthiphon",Yes,No
769,30167,"Wandee",Yes,No
770,30168,"Chattraporn",Yes,No
771,30169,"Woraphan",Yes,No
772,30170,"Suthini",Yes,No
773,30171,"Sukanya",Yes,No
774,30172,"Niruemon",Yes,No
775,30173,"Baitoey",Yes,No
776,30174,"Atiruj",Yes,No
777,30175,"Yuttapong",Yes,No
778,30176,"Rattapum",Yes,No
779,30177,"Patsaphong",Yes,No
780,30178,"Teerayut",Yes,No
781,30179,"Thaman",Yes,No
782,30180,"Khanungnit",Yes,No
783,30181,"Reweean",Yes,No
784,30182,"Chirawat",Yes,No
785,30183,"Rachawadee",Yes,No
786,30184,"Ornitch",Yes,No
787,30185,"Mukda",Yes,No
788,30186,"Nuanjan",Yes,No
789,30187,"Arraya",Yes,No
790,30188,"Jiranya",Yes,No
791,30189,"Chakkrit",Yes,No
792,30190,"Supalak",Yes,No
793,30191,"Rattanachai",Yes,No
794,30192,"Akkharadet",Yes,No
795,30193,"Suriay",Yes,No
796,30194,"Thanasak",Yes,No
797,30195,"Patsakorn",Yes,No
798,30196,"Panpasa",Yes,No
799,30197,"Kantihat",Yes,No
800,30199,"Nitipat",Yes,No
801,30200,"Pongsit",Yes,No
802,30201,"Adison",Yes,No
803,30202,"Khemphet",Yes,No
804,30203,"Chakon",Yes,No
805,30204,"Suchittra",Yes,No
806,30205,"Peeravit",Yes,No
807,30206,"Nipada",Yes,No
808,30207,"Korkanok",Yes,No
809,30208,"Artsawin",Yes,No
810,30209,"Panadda",Yes,No
811,30210,"Kewalin",Yes,No
812,30211,"Teerapop",Yes,No
813,30212,"Parichtr",Yes,No
814,30213,"Arstwin",Yes,No
815,30214,"Rodchana",Yes,No
816,30215,"Jeerasak",Yes,No
817,30216,"Winssnu",Yes,No
818,30217,"Phoomchay",Yes,No
819,30218,"Kanjana",Yes,No
820,30219,"Worakan",Yes,No
821,30220,"Nattiwa",Yes,No
822,30221,"Supunsa",Yes,No
823,30222,"Autcha",Yes,No
824,30223,"Ammarit",Yes,No
825,30224,"Saranya",Yes,No
826,30225,"Oonranat",Yes,No
827,30226,"Marrin",Yes,No
828,30227,"Phatchara",Yes,No
829,30228,"Bunyaphon",Yes,No
830,30229,"Anuchit",Yes,No
831,30230,"Nattanit",Yes,No
832,30231,"Panadol",Yes,No
833,30232,"Arthit",Yes,No
834,30233,"Chaun",Yes,No
835,30234,"Suchittra",Yes,No
836,30235,"Seksan",Yes,No
837,30236,"Thawisakdi",Yes,No
838,30237,"Amonwan",Yes,No
839,30238,"Ketwadee",Yes,No
840,30239,"Siam",Yes,No
841,30240,"Chonthicha",Yes,No
842,30241,"Pornthiwa",Yes,No
843,30242,"Ratchanon",Yes,No
844,30243,"Arnon",Yes,No
845,30244,"Nipaporn",Yes,No
846,30245,"Thiraphat",Yes,No
847,30246,"Sirapat",Yes,No
848,30247,"Tanasak",Yes,No
849,30248,"Natthacha",Yes,No
850,30249,"Srisunan",Yes,No
851,30250,"Thawatchi",Yes,No
852,30251,"Palakorn",Yes,No
853,30253,"Phimlaphat",Yes,No
854,30254,"Nattaphong",Yes,No
855,30255,"Suphakorn",Yes,No
856,30256,"Suthasini",Yes,No
857,30257,"Daravee",Yes,No
858,30258,"Thiphanan",Yes,No
859,30259,"Sakkarin",Yes,No
860,30261,"Aranya",Yes,No
861,30262,"Phanomkon",Yes,No
862,30263,"Ratthaphum",Yes,No
863,30264,"Onauma",Yes,No
864,30265,"Wanida",Yes,No
865,30266,"Nuphod",Yes,No
866,30267,"Chayanin",Yes,No
867,30268,"Yupin",Yes,No
868,30269,"Kaniayanee",Yes,No
869,30270,"Wiraporn",Yes,No
870,30271,"Tanyarat",Yes,No
871,30272,"Niphaphon",Yes,No
872,30273,"Anothai",Yes,No
873,30274,"Thatsanee",Yes,No
874,30275,"Panpaka",Yes,No
875,30276,"Amphon",Yes,No
876,30277,"Penpak",Yes,No
877,30278,"Jirapan",Yes,No
878,30279,"Natthamon",Yes,No
879,30280,"Prawut",Yes,No
880,30281,"Atsadawut",Yes,No
881,30282,"Supakit",Yes,No
882,30283,"Sawanna",Yes,No
883,30284,"Nantana",Yes,No
884,30285,"Sakkarin",Yes,No
885,30286,"Nathee",Yes,No
886,30287,"Yutthana",Yes,No
887,30288,"Pongsaton",Yes,No
888,30289,"Jiraprom",Yes,No
889,30290,"Suphot",Yes,No
890,30291,"Sroysuda",Yes,No
891,30292,"Peeravit",Yes,No
892,30293,"Suchittra",Yes,No
893,30294,"Chaloem",Yes,No
894,30295,"Thatsanai",Yes,No
895,30296,"Phatnarin",Yes,No
896,30297,"Aphisie",Yes,No
897,30298,"Benchamat",Yes,No
898,30299,"Saifon",Yes,No
899,30300,"Nawapol",Yes,No
900,30301,"Chenwit",Yes,No
901,30302,"Thitisak",Yes,No
902,30303,"Kanlaya",Yes,No
903,30304,"Phumiphat",Yes,No
904,30305,"Chalyanan",Yes,No
905,30306,"Supaporn",Yes,No
906,30307,"Wanida",Yes,No
907,30308,"Chersak",Yes,No
908,30309,"Nanticha",Yes,No
909,30310,"Thiraphong",Yes,No
910,30311,"Thanakon",Yes,No
911,30312,"Phenphak",Yes,No
912,30313,"Maneenut",Yes,No
913,30314,"Phimpchnk",Yes,No
914,30315,"Kaniayanee",Yes,No
915,30316,"Netrdao",Yes,No
916,30317,"Sukanya",Yes,No
917,30318,"Naruemon",Yes,No
918,30319,"Sawittri",Yes,No
919,30320,"Kaniayakorn",Yes,No
920,30321,"Chettana",Yes,No
921,30322,"Prakit",Yes,No
922,30323,"Phichit",Yes,No
923,30324,"Passakon",Yes,No
924,30325,"Ketsara",Yes,No
925,30326,"Yuwadee",Yes,No
926,30327,"Nittaya",Yes,No
927,30328,"Tanan",Yes,No
928,30329,"Tawisa",Yes,No
929,30330,"Tanadpon",Yes,No
930,30331,"Yod",Yes,No
931,30332,"Krisada",Yes,No
932,30333,"Phennpha",Yes,No
933,30334,"Tiwa",Yes,No
934,30335,"Phiraphat",Yes,No
935,30336,"Worawan",Yes,No
936,30337,"Natthawat",Yes,No
937,30338,"Ketsarin",Yes,No
938,30339,"Sasiwmon",Yes,No
939,30340,"Kanokkan",Yes,No
940,30341,"Suphachai",Yes,No
941,30342,"Ratchaneekorn",Yes,No
942,30343,"Onauma",Yes,No
943,30345,"Manachai",Yes,No
944,40000,"Nutchanat",Yes,No
945,40002,"Machan",Yes,No
946,40003,"Yaychan",Yes,No
947,40004,"Rungruthai",Yes,No
948,40005,"Lin",Yes,No
949,40006,"Puwarit",Yes,No
950,40007,"Chooo",Yes,No
951,40008,"Ayemisan",Yes,No
952,40009,"Weerichaya",Yes,No
953,40010,"Jarutas",Yes,No
954,40011,"Pongsit",Yes,No
955,40012,"Arkom",Yes,No
956,40013,"Thanawat",Yes,No
957,40014,"Senapol",Yes,No
958,40016,"Praiwan",Yes,No
959,40017,"Khwanchira",Yes,No
960,40018,"Adisorn",Yes,No
961,40019,"Autcharapon",Yes,No
962,40020,"Sutat",Yes,No
963,40021,"Thidarat",Yes,No
964,40022,"Kulvanit",Yes,No
965,40023,"Thimaporn",Yes,No
966,40024,"Thirasak",Yes,No
967,40025,"Sarawut",Yes,No
968,40026,"Uten",Yes,No
969,40027,"Phichit",Yes,No
970,40028,"Sirawit",Yes,No
971,40029,"Wipaporn",Yes,No
972,40030,"Kritsanai",Yes,No
973,40031,"Arphatsara",Yes,No
974,40032,"Kanyakorn",Yes,No
975,40033,"Naruepon",Yes,No
976,40034,"Potjanee",Yes,No
977,40035,"Janjira",Yes,No
978,40036,"Tapphitak",Yes,No
979,40037,"Narongsak",Yes,No
980,40038,"Preamwadee",Yes,No
981,40039,"Narong",Yes,No
982,40040,"Phongsakon",Yes,No
983,40041,"Somboon",Yes,No
984,40042,"Aphichaya",Yes,No
985,40043,"Suwanna",Yes,No
986,40044,"Nattharika",Yes,No
987,40045,"Bunthiya",Yes,No
988,40046,"Piyawadi",Yes,No
989,40047,"Wiraphong",Yes,No
990,40048,"Neeracha",Yes,No
991,40050,"Waranya",Yes,No
992,40051,"Bunchan",Yes,No
993,40052,"Orasa",Yes,No
994,40053,"Chokchai",Yes,No
995,40054,"Chaiyanon",Yes,No
996,40055,"Namchok",Yes,No
997,40056,"Namchai",Yes,No
998,40057,"Phutthachat",Yes,No
999,40059,"Kanchanida",Yes,No
1000,40060,"Natthawadee",Yes,No
